ID,session_type,type
200040273220710,bilendi,screen out
200119647224908,bilendi,success
200119653958706,bilendi,success
199590958228519,bilendi,screen out
199590982203420,bilendi,success
200119647224908,bilendi,success
199441311687801,bilendi,screen out
200119648973921,bilendi,screen out
199590963320905,bilendi,success
200040275508321,bilendi,success
200040300433510,bilendi,screen out
200119652125703,bilendi,screen out
198999546514553,bilendi,screen out
200040277455920,bilendi,screen out
200040278457387,bilendi,success
200040273391736,bilendi,screen out
198999546058793,bilendi,screen out
200119646240868,bilendi,success
200119641954345,bilendi,screen out
200119646487675,bilendi,success
199441298125883,bilendi,success
199590959327354,bilendi,success
199441306669138,bilendi,screen out
200119658402838,bilendi,screen out
200119657302129,bilendi,screen out
200040274597998,bilendi,success
200040272685102,bilendi,screen out
200040282857518,bilendi,success
200040281160815,bilendi,success
199441306218519,bilendi,success
199590985068601,bilendi,success
200119649989699,bilendi,success
200119649907770,bilendi,screen out
199350930770041,bilendi,success
200119644300356,bilendi,success
198999543024731,bilendi,success
199590969415689,bilendi,success
200210438896707,bilendi,screen out
200210442343456,bilendi,screen out
200210447716467,bilendi,screen out
200210444907562,bilendi,success
200210437277725,bilendi,screen out
200119667004453,bilendi,success
200210450971760,bilendi,success
200210438683689,bilendi,success
200040284088367,bilendi,screen out
200040284088367,bilendi,screen out
200210443100269,bilendi,success
200210438882370,bilendi,success
200210449475660,bilendi,screen out
200210442658884,bilendi,success
200040278801497,bilendi,screen out
200210438375431,bilendi,success
200210437688391,bilendi,success
200210445713421,bilendi,success
200210446165055,bilendi,screen out
200210450228257,bilendi,success
200210458979389,bilendi,success
200210445632514,bilendi,success
200210438961226,bilendi,success
200210446244938,bilendi,success
200210443876412,bilendi,success
197758977655859,bilendi,screen out
200210437844053,bilendi,success
200210447784058,bilendi,success
200210441649240,bilendi,success
200210457887762,bilendi,success
199441297268860,bilendi,screen out
200210445724688,bilendi,success
200210444940334,bilendi,success
200210442404904,bilendi,success
200210449545297,bilendi,success
200210442572862,bilendi,success
200210438375432,bilendi,success
200210442969184,bilendi,success
200210438201462,bilendi,success
200210438361094,bilendi,success
200210441058334,bilendi,success
200210457711734,bilendi,screen out
200210456225869,bilendi,success
200210444167258,bilendi,success
200210448459858,bilendi,success
200210437898329,bilendi,success
200119657661492,bilendi,screen out
200210442404904,bilendi,screen out
200210439822363,bilendi,success
200210455117914,bilendi,success
200119646196834,bilendi,screen out
200210445124673,bilendi,screen out
200210440804353,bilendi,success
200210441269296,bilendi,success
200210440923153,bilendi,success
200210456159302,bilendi,success
200210441011225,bilendi,success
200210452321312,bilendi,success
200210442056707,bilendi,success
199590973311019,bilendi,success
200040300622871,bilendi,success
200210445266006,bilendi,screen out
200210441210923,bilendi,success
200119656909898,bilendi,success
200210453535777,bilendi,screen out
199590973286440,bilendi,success
200119650085964,bilendi,success
200119651979385,bilendi,screen out
200040274089024,bilendi,screen out
200210445763606,bilendi,success
200210443480082,bilendi,success
200210439000142,bilendi,success
199350950016108,bilendi,success
200210447583328,bilendi,screen out
200210442160142,bilendi,success
200210454252668,bilendi,success
200210437816403,bilendi,success
200210441323574,bilendi,success
200210448618596,bilendi,success
200210443291653,bilendi,success
200210437856342,bilendi,screen out
200210454252668,bilendi,success
200210442494003,bilendi,screen out
200210438832187,bilendi,success
200210447705199,bilendi,success
200210445347938,bilendi,success
200210453883981,bilendi,success
200119649942590,bilendi,success
200210441333815,bilendi,success
200210439455870,bilendi,success
200210445888545,bilendi,success
200210458923057,bilendi,success
199350954243126,bilendi,success
200119664213115,bilendi,success
200119646072918,bilendi,success
200210447142960,bilendi,success
200040283078727,bilendi,screen out
200210440479834,bilendi,screen out
200210442018941,bilendi,success
200040287717424,bilendi,success
200210439419003,bilendi,success
200210456997932,bilendi,success
200210440010797,bilendi,success
200119659819109,bilendi,success
200210438337540,bilendi,success
199590989612134,bilendi,screen out
200040278690891,bilendi,screen out
198999542041717,bilendi,success
200210438952009,bilendi,success
199441302529107,bilendi,success
200210458798098,bilendi,success
199590963251268,bilendi,screen out
200210441432130,bilendi,screen out
200119650520186,bilendi,success
199590996817006,bilendi,success
199590965182567,bilendi,success
200210444666891,bilendi,success
200210441309236,bilendi,success
200210438775862,bilendi,screen out
200210446200900,bilendi,success
200210439627789,bilendi,success
199590971114496,bilendi,success
200040281678897,bilendi,success
200210457413726,bilendi,screen out
200210448410700,bilendi,success
200210456159301,bilendi,success
200119648946269,bilendi,screen out
200119650703378,bilendi,success
200040295026753,bilendi,success
200210442352673,bilendi,screen out
200210446392410,bilendi,success
200210447335493,bilendi,success
200210440795136,bilendi,screen out
200210445284442,bilendi,success
200210440366158,bilendi,screen out
198999551585337,bilendi,success
200210447074345,bilendi,success
200119653110901,bilendi,success
200210458668036,bilendi,success
200119655181373,bilendi,success
200210442863703,bilendi,success
200040272266242,bilendi,success
200040277827669,bilendi,success
200210458866721,bilendi,success
200119655402584,bilendi,screen out
200210456851480,bilendi,success
199350958037086,bilendi,success
200119654490228,bilendi,success
200119646518398,bilendi,success
200210444639240,bilendi,screen out
200210442744907,bilendi,screen out
200119653441556,bilendi,success
200119648645172,bilendi,success
200040276862065,bilendi,success
200119646675975,bilendi,screen out
200210439129180,bilendi,success
200210445092924,bilendi,success
200210440702070,bilendi,success
198999545895947,bilendi,success
200210446498916,bilendi,success
200210440908815,bilendi,success
200210458909740,bilendi,success
200040285263936,bilendi,success
200210439215204,bilendi,success
200210445763604,bilendi,success
200210445763604,bilendi,screen out
199350950426631,bilendi,success
200210440346701,bilendi,success
200210439404664,bilendi,success
200040279188481,bilendi,success
200210454562850,bilendi,success
200040287680550,bilendi,screen out
199590957554691,bilendi,success
200040275566694,bilendi,screen out
199590973383732,bilendi,success
200119649083504,bilendi,screen out
199441309906978,bilendi,success
200210437529656,bilendi,success
200119666652221,bilendi,success
199590959814688,bilendi,screen out
200210444518523,bilendi,screen out
200210445433961,bilendi,success
199590965216363,bilendi,success
200210445141060,bilendi,success
200210438458382,bilendi,success
200210445656069,bilendi,success
200119644436560,bilendi,screen out
200210446291022,bilendi,success
200040275455069,bilendi,success
200210445164614,bilendi,screen out
200119647076405,bilendi,success
200119645881406,bilendi,screen out
200040298188900,bilendi,success
200210441835627,bilendi,success
199350942881906,bilendi,success
200210456166471,bilendi,success
200210439915556,bilendi,screen out
200210438875200,bilendi,success
200210444783641,bilendi,success
199350952164377,bilendi,success
200210457343060,bilendi,success
200210447785084,bilendi,success
197819572224018,bilendi,screen out
200119666790491,bilendi,screen out
200210457742457,bilendi,success
199441299654687,bilendi,success
200210446066743,bilendi,success
200210447026211,bilendi,success
200210438981708,bilendi,screen out
199590965318769,bilendi,success
200210438577181,bilendi,screen out
200210447592545,bilendi,screen out
198999549506562,bilendi,success
200210458861600,bilendi,success
200040276941944,bilendi,success
200210444081230,bilendi,success
200210440913936,bilendi,screen out
200040287703084,bilendi,success
200210441603153,bilendi,success
200210444137558,bilendi,screen out
200040275275843,bilendi,screen out
200040297082945,bilendi,screen out
200210439504897,bilendi,success
197819575604319,bilendi,screen out
200210456573044,bilendi,success
200210442043394,bilendi,success
200119644777584,bilendi,success
199590975012963,bilendi,success
200210440522848,bilendi,success
200119651086387,bilendi,success
200210438347781,bilendi,success
200210441421889,bilendi,success
199590967334973,bilendi,screen out
199350939719789,bilendi,screen out
200210443412494,bilendi,success
200040284647540,bilendi,success
200210448025628,bilendi,success
200210437480498,bilendi,success
200210442846293,bilendi,success
199441315683342,bilendi,screen out
200040285751296,bilendi,success
200119649785905,bilendi,success
200210444353642,bilendi,success
200210443031652,bilendi,success
200210437480498,bilendi,success
200119641824290,bilendi,success
200210440052785,bilendi,success
200210445208653,bilendi,success
200210439156831,bilendi,success
200040288208902,bilendi,success
200119646565378,bilendi,success
200040287202404,bilendi,success
200210441459782,bilendi,screen out
200210441508940,bilendi,success
200210437744717,bilendi,screen out
200210438568988,bilendi,success
200040281604133,bilendi,success
200210444106834,bilendi,success
200210442259481,bilendi,success
198999543643156,bilendi,success
200210439440509,bilendi,success
200210456293464,bilendi,success
200040287575062,bilendi,success
200210441525326,bilendi,success
200119646010449,bilendi,success
198999552004163,bilendi,success
200210456511598,bilendi,screen out
200210437550138,bilendi,screen out
200210454155376,bilendi,success
200119650373737,bilendi,success
200040287929436,bilendi,success
200210440883211,bilendi,success
200040278708301,bilendi,success
200210444447860,bilendi,success
200210450080784,bilendi,screen out
200210448487509,bilendi,success
200210440595559,bilendi,success
200119650362472,bilendi,success
200210442900570,bilendi,success
200119647639663,bilendi,success
200119650344038,bilendi,success
200119658462235,bilendi,screen out
200210438882369,bilendi,success
200210437597248,bilendi,success
200210441924726,bilendi,screen out
198999542622252,bilendi,success
200210455253102,bilendi,success
200210447044645,bilendi,success
200210438292607,bilendi,success
200210454682666,bilendi,success
200210441144357,bilendi,success
200210456879132,bilendi,screen out
200119644581981,bilendi,success
200040274079805,bilendi,success
200119658259461,bilendi,success
200119644571740,bilendi,screen out
200040280193147,bilendi,success
200210445519990,bilendi,success
200119643489290,bilendi,success
200210458957881,bilendi,success
200210439117915,bilendi,success
200040300024943,bilendi,success
199590973277222,bilendi,success
200119660830844,bilendi,success
200210437826644,bilendi,success
200210437574717,bilendi,success
200119657167966,bilendi,success
200210439142494,bilendi,screen out
200210440153150,bilendi,success
200210441364539,bilendi,success
198999547450420,bilendi,success
200040282063972,bilendi,success
200119646954533,bilendi,screen out
200210445774871,bilendi,screen out
200119652319270,bilendi,success
200210443274244,bilendi,success
200119649403918,bilendi,success
200210445399142,bilendi,success
200040279883866,bilendi,success
200040277686342,bilendi,success
199350982120551,bilendi,success
200040277686342,bilendi,success
200210440908814,bilendi,success
200040277686342,bilendi,success
200210444007492,bilendi,success
200040273714202,bilendi,screen out
200119653151865,bilendi,screen out
200119644138553,bilendi,success
200210445981742,bilendi,screen out
200210441443396,bilendi,success
200210438409226,bilendi,success
200299667257464,bilendi,screen out
200210441443396,bilendi,success
200299665879053,bilendi,screen out
200299669206042,bilendi,success
200210453383186,bilendi,success
200299672716350,bilendi,success
200299672899672,bilendi,screen out
199441314047102,bilendi,success
200299666554947,bilendi,success
199590961577024,bilendi,screen out
200299672795207,bilendi,success
200299667374085,bilendi,success
200299679304781,bilendi,success
200299674358849,bilendi,success
200299666532417,bilendi,success
200210450043916,bilendi,success
200119649166457,bilendi,success
200210443600930,bilendi,screen out
200299666283561,bilendi,success
200299678456837,bilendi,success
199590995841115,bilendi,success
200299666554947,bilendi,success
200299679249465,bilendi,success
200040286014509,bilendi,success
200210445176904,bilendi,success
200299670049909,bilendi,screen out
200299669388331,bilendi,success
200299670846552,bilendi,screen out
200299667266681,bilendi,screen out
200299673031792,bilendi,success
200299671927884,bilendi,screen out
200210438532119,bilendi,success
200040277478451,bilendi,screen out
199590996452414,bilendi,success
200299667457036,bilendi,screen out
200210439328881,bilendi,screen out
200040273335409,bilendi,success
200299665558646,bilendi,screen out
200299667499024,bilendi,screen out
200299676202044,bilendi,success
200119655735307,bilendi,success
200299679188009,bilendi,success
200299669361703,bilendi,success
200299670370329,bilendi,screen out
200299670648896,bilendi,success
200119652100100,bilendi,success
200299666796625,bilendi,success
200299667207283,bilendi,success
200299666220067,bilendi,success
200299678448642,bilendi,success
200040286666764,bilendi,success
200299666397239,bilendi,screen out
200299670142077,bilendi,success
200210439180385,bilendi,success
200299672831050,bilendi,screen out
199350941280378,bilendi,screen out
200119664639042,bilendi,success
200299679084556,bilendi,success
199590975743038,bilendi,success
200210445041722,bilendi,success
200119640936571,bilendi,success
200210457011246,bilendi,success
200210439428220,bilendi,success
200299673662554,bilendi,screen out
200299669823577,bilendi,success
200299669143573,bilendi,success
200299666247718,bilendi,success
200299672684601,bilendi,success
200210448889862,bilendi,success
200299668987908,bilendi,success
200210441907315,bilendi,success
199441296514113,bilendi,success
200299673083000,bilendi,success
200299666817107,bilendi,success
200299668489317,bilendi,success
200299671416851,bilendi,screen out
200119649549340,bilendi,success
200299667244150,bilendi,screen out
200299669427245,bilendi,success
200299674819591,bilendi,success
200210450262052,bilendi,success
200299665769480,bilendi,success
200299666944088,bilendi,screen out
200299667928109,bilendi,success
200299671447575,bilendi,success
200299667134571,bilendi,success
200299669817432,bilendi,success
200299673175056,bilendi,success
200299672107103,bilendi,success
200299668923392,bilendi,success
200299671973973,bilendi,success
199441304533101,bilendi,success
200299666977883,bilendi,screen out
200299667285117,bilendi,screen out
200119650498680,bilendi,screen out
200210443654180,bilendi,success
200040276213802,bilendi,success
200299675737090,bilendi,success
200299670293520,bilendi,screen out
200210445809690,bilendi,success
200299670631484,bilendi,success
200040273371254,bilendi,success
200299670740041,bilendi,success
200040286698513,bilendi,success
200040280202364,bilendi,success
200210453243006,bilendi,success
200299666293802,bilendi,screen out
200119646420083,bilendi,success
200299669597244,bilendi,screen out
200299679230005,bilendi,success
200210439907363,bilendi,success
200119643154537,bilendi,success
200299665447026,bilendi,screen out
200299670767693,bilendi,success
200299670518828,bilendi,success
200299669625920,bilendi,success
200299670518830,bilendi,success
200299665596537,bilendi,screen out
200299666456635,bilendi,success
200119663133793,bilendi,success
200210454845504,bilendi,screen out
200299672174695,bilendi,success
200299670293519,bilendi,screen out
198999555759189,bilendi,success
200299667048546,bilendi,success
200299667590163,bilendi,success
200119654008888,bilendi,success
199590962522125,bilendi,success
200040285644906,bilendi,success
200040298155100,bilendi,success
200040275803263,bilendi,success
200119654008888,bilendi,success
200119654008888,bilendi,screen out
200119654008888,bilendi,screen out
200299676812301,bilendi,success
200210439468159,bilendi,success
199590959095913,bilendi,screen out
200040280079468,bilendi,success
200299666378804,bilendi,success
200210443386892,bilendi,success
200299666388021,bilendi,screen out
200299671102581,bilendi,success
200299679074314,bilendi,success
200299671339016,bilendi,success
200299677814817,bilendi,screen out
200119660944405,bilendi,screen out
200210446153790,bilendi,screen out
200210442375205,bilendi,success
200210449355838,bilendi,success
200299675404376,bilendi,success
200119667125316,bilendi,screen out
200210439264362,bilendi,screen out
200299668535400,bilendi,success
200299669241884,bilendi,success
200210448451665,bilendi,success
200040284019748,bilendi,screen out
200210438419467,bilendi,screen out
200299672159334,bilendi,success
200040272337928,bilendi,success
200299669338147,bilendi,success
200299671477275,bilendi,screen out
200119651926130,bilendi,success
200119657366652,bilendi,success
200299672709180,bilendi,screen out
200210448799864,bilendi,success
200299669749842,bilendi,screen out
200040288988251,bilendi,success
200299665848332,bilendi,success
200299670049908,bilendi,success
199590976595994,bilendi,screen out
200299678386292,bilendi,screen out
200119651306560,bilendi,success
200299669023754,bilendi,success
200119656897608,bilendi,success
200299666014231,bilendi,success
200299668951042,bilendi,success
200299669254173,bilendi,success
200299666035736,bilendi,success
200299670594615,bilendi,success
200299667780641,bilendi,success
199441301723250,bilendi,screen out
200299672267890,bilendi,screen out
200299668960259,bilendi,success
200040276775016,bilendi,success
200210442364962,bilendi,screen out
200119660278821,bilendi,screen out
200299679004787,bilendi,success
199590977998913,bilendi,screen out
200119653288962,bilendi,success
198999550459000,bilendi,success
200040272288772,bilendi,success
200040299989092,bilendi,success
200299672131681,bilendi,success
200210444628999,bilendi,success
200040282903604,bilendi,screen out
200299669871713,bilendi,success
198999544092757,bilendi,success
199441297373192,bilendi,success
200119649193082,bilendi,success
200119665038342,bilendi,screen out
200299673619534,bilendi,success
200299670423582,bilendi,success
200119646264422,bilendi,success
200299668326477,bilendi,screen out
198999549210673,bilendi,success
199590965691415,bilendi,screen out
200119643834403,bilendi,screen out
200119642159153,bilendi,success
200299670801489,bilendi,success
200299666763853,bilendi,success
199441308847155,bilendi,screen out
197819574671362,bilendi,screen out
200299667092582,bilendi,success
200299672640564,bilendi,success
200210443144305,bilendi,success
199350939115590,bilendi,success
200119644325958,bilendi,screen out
200119643941929,bilendi,success
199590990028826,bilendi,success
200210439382134,bilendi,success
200210442516534,bilendi,success
200299667347459,bilendi,screen out
200119645330451,bilendi,screen out
200040280417310,bilendi,success
200299667786786,bilendi,success
198999544812625,bilendi,success
200040282458119,bilendi,screen out
200119652367403,bilendi,success
200119647604843,bilendi,success
200040298831959,bilendi,success
200299675360336,bilendi,success
200210444508282,bilendi,screen out
200299677390944,bilendi,success
199590960811133,bilendi,success
199350957752392,bilendi,success
200210443951167,bilendi,screen out
199350933254190,bilendi,success
200040277171215,bilendi,success
200210439280748,bilendi,screen out
200119655988285,bilendi,success
200299678407801,bilendi,success
199350945892420,bilendi,success
199441329070142,bilendi,success
200119640927354,bilendi,screen out
200119643310202,bilendi,success
199441329070142,bilendi,success
200040297545853,bilendi,success
200299671331847,bilendi,success
199590970409037,bilendi,screen out
199590970409037,bilendi,screen out
198999546697765,bilendi,screen out
198999546500214,bilendi,screen out
200210454437907,bilendi,success
199590970395723,bilendi,success
200299670499370,bilendi,success
200299671832640,bilendi,success
200299668389982,bilendi,screen out
200210444539006,bilendi,success
200299667402761,bilendi,success
200299667108968,bilendi,success
200119653919787,bilendi,success
199590963060785,bilendi,screen out
200210442084358,bilendi,success
200040277965931,bilendi,screen out
200210438761524,bilendi,success
199441305323577,bilendi,screen out
200299669855324,bilendi,screen out
200040274629746,bilendi,success
199590965823525,bilendi,screen out
200119644605536,bilendi,success
200299671209087,bilendi,success
200299666764879,bilendi,screen out
200299672618030,bilendi,success
200040285098035,bilendi,success
200299679094799,bilendi,success
200299672403977,bilendi,screen out
200210449169444,bilendi,success
200299666079770,bilendi,success
200040282196081,bilendi,success
199350980742233,bilendi,screen out
200210441459783,bilendi,success
200040279533615,bilendi,success
198999549746234,bilendi,success
200119640884344,bilendi,success
200040277612609,bilendi,screen out
200119641679898,bilendi,screen out
199350960821338,bilendi,success
199350960821338,bilendi,success
200299678408826,bilendi,screen out
200040275832833,bilendi,success
200299673392179,bilendi,screen out
198999546720296,bilendi,success
200040275685493,bilendi,success
197758976813071,bilendi,success
200299674778625,bilendi,success
200210444034119,bilendi,success
200299667393544,bilendi,success
200299678085197,bilendi,success
200210438244474,bilendi,success
200299678085197,bilendi,success
200299679094800,bilendi,screen out
200210438014054,bilendi,screen out
199350953082979,bilendi,success
199441310055479,bilendi,success
200210442538042,bilendi,success
199441316893740,bilendi,success
198999547487291,bilendi,success
200299668049972,bilendi,success
199441299696676,bilendi,success
200299675073584,bilendi,success
200119656946764,bilendi,success
200210439999532,bilendi,success
200040296662034,bilendi,screen out
200119649765423,bilendi,success
199590963126328,bilendi,screen out
200119646139485,bilendi,screen out
200210437297185,bilendi,success
200119666775129,bilendi,success
200299670641727,bilendi,success
199350936596495,bilendi,success
200119654251610,bilendi,success
200299670886492,bilendi,success
199441302515792,bilendi,success
199441302515792,bilendi,screen out
199350958634003,bilendi,success
200299670030450,bilendi,screen out
198999543610381,bilendi,success
199350986458184,bilendi,screen out
200299672674360,bilendi,screen out
200040275289157,bilendi,success
200210448749682,bilendi,success
199590968120340,bilendi,success
200040274917404,bilendi,success
199441318181958,bilendi,success
200299670467621,bilendi,screen out
197819576683607,bilendi,success
200210448871425,bilendi,success
200299673009258,bilendi,success
200119651892334,bilendi,success
200299667937327,bilendi,screen out
198999545472062,bilendi,success
200299669999727,bilendi,success
199441297213559,bilendi,success
199441313796202,bilendi,success
200299670965347,bilendi,success
200299673477179,bilendi,screen out
200210438647845,bilendi,screen out
199590996782184,bilendi,success
200210456753161,bilendi,screen out
200299672950882,bilendi,success
198999550176302,bilendi,success
200299669835866,bilendi,success
200299672310907,bilendi,success
200040285460569,bilendi,success
198999554577496,bilendi,success
200040279443492,bilendi,success
200040276273199,bilendi,success
200040284036136,bilendi,success
197758976622708,bilendi,success
199350971714605,bilendi,success
199590964557874,bilendi,success
200210454465558,bilendi,success
200299677382750,bilendi,screen out
200210443727917,bilendi,success
200119657887834,bilendi,success
200040287746108,bilendi,success
199441324845092,bilendi,success
200040287017026,bilendi,success
199590995487800,bilendi,success
200210441958520,bilendi,success
200040271802467,bilendi,success
200299668769914,bilendi,screen out
200299671014503,bilendi,success
200119644377162,bilendi,screen out
200040280764485,bilendi,success
200119650413678,bilendi,success
200299669014536,bilendi,success
200210454034530,bilendi,success
199441305625690,bilendi,screen out
197758976323610,bilendi,screen out
199350938153084,bilendi,success
200299671922763,bilendi,success
200210441641045,bilendi,success
200299675057198,bilendi,screen out
200040281321481,bilendi,success
199441300958237,bilendi,success
200119655512166,bilendi,success
199441306520637,bilendi,success
200040271895660,bilendi,success
200119642186803,bilendi,success
199441300255838,bilendi,success
200210445252690,bilendi,success
199590963862650,bilendi,screen out
199350955090946,bilendi,success
200119657838673,bilendi,screen out
199350928115773,bilendi,success
200119654343779,bilendi,success
200299665526901,bilendi,screen out
200299666247719,bilendi,screen out
200040275142706,bilendi,success
200299679088654,bilendi,success
200119646894111,bilendi,success
199350958852134,bilendi,screen out
200299670492199,bilendi,success
200210448328766,bilendi,success
200119645383704,bilendi,success
200210445336673,bilendi,success
199350981819431,bilendi,success
200119649775664,bilendi,success
197819578935335,bilendi,screen out
200299667200113,bilendi,success
200210446825485,bilendi,success
200210444739604,bilendi,success
199590964281376,bilendi,success
200210440689780,bilendi,screen out
198999554602085,bilendi,success
200210442230805,bilendi,success
199590963514456,bilendi,success
200119646447735,bilendi,success
198999549065341,bilendi,success
199590963137593,bilendi,success
200040278494256,bilendi,screen out
200210437807186,bilendi,success
200299673206803,bilendi,success
199441311610987,bilendi,success
200119665729658,bilendi,success
200299671430165,bilendi,screen out
200119655332943,bilendi,screen out
200119645929541,bilendi,screen out
200210437585983,bilendi,success
200210444712977,bilendi,success
200299665393775,bilendi,success
200210442796114,bilendi,success
198999555453015,bilendi,screen out
200210443234430,bilendi,success
199441301252154,bilendi,screen out
199350939152457,bilendi,success
200119643367426,bilendi,success
199441318451311,bilendi,success
200210440208450,bilendi,success
200299667421194,bilendi,success
200119645149196,bilendi,success
200040271839334,bilendi,success
199441303826487,bilendi,success
200119646966822,bilendi,screen out
200040285505632,bilendi,screen out
200119655846937,bilendi,success
199350929428502,bilendi,success
200210441801831,bilendi,success
199350951005242,bilendi,success
199590964345892,bilendi,screen out
200040275508322,bilendi,success
200299673061492,bilendi,success
200299671565348,bilendi,success
,bilendi,screen out
200562469361720,bilendi,screen out
200210451754059,bilendi,screen out
200562474532982,bilendi,success
200562477190158,bilendi,success
200562483195932,bilendi,success
200562478956614,bilendi,success
199590966797320,bilendi,success
200562467463229,bilendi,screen out
200562469652598,bilendi,screen out
200562467830793,bilendi,screen out
200562471380067,bilendi,success
200210456889374,bilendi,screen out
200562481024055,bilendi,screen out
200299679265852,bilendi,success
200562473114680,bilendi,screen out
199350943085574,bilendi,success
200562468960362,bilendi,success
199350939652200,bilendi,success
200562466584589,bilendi,success
200562468161614,bilendi,screen out
198999547640917,bilendi,success
200562483209248,bilendi,screen out
200562483194906,bilendi,success
200562479271033,bilendi,success
199590973124633,bilendi,screen out
200562469689471,bilendi,success
200562471896136,bilendi,success
200562469001330,bilendi,screen out
200562468260954,bilendi,success
200562468804678,bilendi,success
200562467330083,bilendi,screen out
200562469744650,bilendi,success
200119650902049,bilendi,screen out
200562473042989,bilendi,screen out
199590973830246,bilendi,screen out
200562472694875,bilendi,success
200562479816794,bilendi,success
200562479079509,bilendi,success
200210440336460,bilendi,screen out
200562472694875,bilendi,success
200562475133049,bilendi,success
200562471564293,bilendi,success
200562474711078,bilendi,success
200562468345964,bilendi,success
200562467348518,bilendi,success
200210451995763,bilendi,success
200562474802231,bilendi,success
200562468292704,bilendi,screen out
200040275427418,bilendi,success
200040282684441,bilendi,success
200562478535802,bilendi,success
199590964922441,bilendi,success
200562467478592,bilendi,success
200562479279227,bilendi,success
200210437983331,bilendi,success
200562471200825,bilendi,screen out
200562471493746,bilendi,success
200299667759136,bilendi,screen out
198999555291184,bilendi,success
200210439166048,bilendi,screen out
200562470516790,bilendi,screen out
199350959367258,bilendi,success
200562473068592,bilendi,success
200562468131911,bilendi,screen out
200119655773200,bilendi,success
199590973592652,bilendi,screen out
200562467811332,bilendi,success
200119650267233,bilendi,screen out
200562467878931,bilendi,screen out
200299669889124,bilendi,success
200562469203999,bilendi,screen out
200040296759331,bilendi,screen out
200562468979822,bilendi,success
200562470034496,bilendi,success
200562472379426,bilendi,success
200562478461037,bilendi,screen out
200040282649620,bilendi,success
199350937964654,bilendi,success
200562471263303,bilendi,success
200562469653623,bilendi,screen out
200119648418852,bilendi,screen out
199350931909710,bilendi,success
199590970741864,bilendi,success
199590968486969,bilendi,success
200562467865617,bilendi,success
200562467446841,bilendi,success
200562467523660,bilendi,success
200562470257782,bilendi,success
200562471464045,bilendi,success
200562467238928,bilendi,success
200119647553637,bilendi,success
200562466648090,bilendi,success
200562470593600,bilendi,screen out
200562481024054,bilendi,success
200562481125449,bilendi,success
200562470170722,bilendi,success
199441301633124,bilendi,screen out
200562470473771,bilendi,success
200562469001331,bilendi,success
200562473000991,bilendi,success
200562470878328,bilendi,screen out
200119644041264,bilendi,success
200562470119509,bilendi,success
200562474301501,bilendi,screen out
200562470749277,bilendi,screen out
200562470516791,bilendi,screen out
200299665937425,bilendi,success
200562482030718,bilendi,success
200562467887126,bilendi,success
199441299099770,bilendi,screen out
200562470749278,bilendi,success
199441312362568,bilendi,screen out
200562471883845,bilendi,success
200299667467278,bilendi,success
200562472045665,bilendi,success
200562466819131,bilendi,success
200562471451753,bilendi,success
200562466819131,bilendi,success
200562467612761,bilendi,screen out
200040275699831,bilendi,success
200119651936371,bilendi,success
199441300335718,bilendi,success
200562473887849,bilendi,success
200562475062376,bilendi,screen out
200562467820550,bilendi,success
200210439614475,bilendi,success
199590963819638,bilendi,screen out
200562469427269,bilendi,success
200562469016694,bilendi,success
200562466910287,bilendi,success
200562471125034,bilendi,success
200562471125034,bilendi,success
200562470199400,bilendi,success
200562474417238,bilendi,success
200562481780811,bilendi,success
197758978116612,bilendi,screen out
200562470729818,bilendi,screen out
200562470210666,bilendi,success
200562469751820,bilendi,screen out
200562481430537,bilendi,success
200119660518476,bilendi,success
200562467393582,bilendi,success
200562479989879,bilendi,success
199590968238116,bilendi,success
200562470648907,bilendi,screen out
200562474727465,bilendi,success
199350934590471,bilendi,success
200562482989150,bilendi,success
198999548779587,bilendi,success
200562471713830,bilendi,success
199350932458616,bilendi,success
200040284416087,bilendi,screen out
200040295150680,bilendi,screen out
200562468566048,bilendi,success
200562471346265,bilendi,success
200562469037181,bilendi,success
200299679065094,bilendi,success
200562470232175,bilendi,screen out
200562470232175,bilendi,screen out
200119649044585,bilendi,success
200119641268231,bilendi,screen out
200562468871254,bilendi,success
198999546550274,bilendi,success
200299669605437,bilendi,success
200562472339483,bilendi,screen out
198999546266696,bilendi,success
200040299930715,bilendi,screen out
200562472538176,bilendi,success
200562466991201,bilendi,screen out
200210456593526,bilendi,success
200299669630019,bilendi,success
200210453209210,bilendi,success
200562481435658,bilendi,success
200040296137813,bilendi,success
200299670212611,bilendi,success
200040297496692,bilendi,screen out
199590965756959,bilendi,success
200562471896135,bilendi,screen out
200562469646453,bilendi,success
200040288261132,bilendi,success
199350984826933,bilendi,success
199350944932873,bilendi,success
198999542520863,bilendi,screen out
200562482604151,bilendi,success
200119665190932,bilendi,success
200299677631615,bilendi,success
200119643284599,bilendi,success
200119655678980,bilendi,success
198999553502316,bilendi,success
200299667721245,bilendi,success
199590987752494,bilendi,screen out
200562472715360,bilendi,screen out
200119647427675,bilendi,screen out
198999544433669,bilendi,success
200562481660985,bilendi,screen out
200562468574244,bilendi,success
200562470594625,bilendi,success
200040273044563,bilendi,success
200040272956488,bilendi,screen out
200562472400937,bilendi,success
200210452832337,bilendi,success
200562466606097,bilendi,success
200040274281554,bilendi,screen out
200562470377491,bilendi,screen out
200562470114386,bilendi,success
199441312344134,bilendi,success
200210440546402,bilendi,success
199590968052750,bilendi,screen out
200119648032769,bilendi,success
200562468293730,bilendi,success
200562472870915,bilendi,screen out
200562470256757,bilendi,success
200562468259929,bilendi,success
200040273910828,bilendi,success
200562472401963,bilendi,success
200562467222542,bilendi,success
200562468859986,bilendi,success
198999547768936,bilendi,screen out
200210442331167,bilendi,success
200562468444164,bilendi,success
200562470295679,bilendi,success
200562472223745,bilendi,success
200119643898919,bilendi,success
200562472684631,bilendi,screen out
199441305820265,bilendi,screen out
200210437205015,bilendi,success
200562469369914,bilendi,screen out
199590968493114,bilendi,success
199350934563845,bilendi,screen out
200119647553638,bilendi,success
200210455781401,bilendi,success
200562471070750,bilendi,success
200562466857028,bilendi,screen out
200119646732302,bilendi,screen out
200210441880688,bilendi,success
199441307810882,bilendi,success
200119645942855,bilendi,screen out
200562482798630,bilendi,screen out
199441328820226,bilendi,success
199441328820226,bilendi,screen out
199590989162547,bilendi,screen out
200210449196073,bilendi,screen out
200562481418245,bilendi,screen out
200040294944818,bilendi,success
200562469536861,bilendi,success
199350957889619,bilendi,success
200562470918270,bilendi,success
200119648447528,bilendi,success
200119645859900,bilendi,success
197758976394308,bilendi,screen out
199590963678312,bilendi,success
200210441105442,bilendi,success
200562469752846,bilendi,success
200562472604741,bilendi,success
200562471233599,bilendi,success
200562483045487,bilendi,success
200040272919620,bilendi,success
200119651390534,bilendi,success
200299665809417,bilendi,screen out
200562473437192,bilendi,success
199350962035776,bilendi,screen out
200040281186418,bilendi,screen out
199350935333946,bilendi,success
200562467002469,bilendi,screen out
200210458058790,bilendi,success
200210454176882,bilendi,success
200040278115454,bilendi,screen out
200119649130613,bilendi,success
199590960325714,bilendi,success
200562474681371,bilendi,success
200119645746228,bilendi,success
200119644061746,bilendi,success
200562467652707,bilendi,screen out
199441304154193,bilendi,success
200562473187402,bilendi,screen out
200562466934870,bilendi,screen out
198999546550272,bilendi,success
200040284780556,bilendi,screen out
200562470188134,bilendi,success
200119657059414,bilendi,success
200210444425331,bilendi,success
200040279945309,bilendi,success
200210447392842,bilendi,success
200299673105410,bilendi,success
200562474752047,bilendi,screen out
200562470238321,bilendi,success
199350952939606,bilendi,screen out
200210437318690,bilendi,success
200562469726215,bilendi,success
200210438433804,bilendi,success
200562481817682,bilendi,success
200040278255630,bilendi,success
199590977070167,bilendi,success
199441296532547,bilendi,success
199590965958707,bilendi,success
198999542641709,bilendi,success
200299669625921,bilendi,success
200299668692083,bilendi,success
200562469079047,bilendi,success
199590991693889,bilendi,success
200562481345653,bilendi,success
200652943679530,bilendi,success
200652938712125,bilendi,screen out
200652948345964,bilendi,success
200652942536758,bilendi,success
200652944116829,bilendi,success
200652938842185,bilendi,success
200652946075731,bilendi,success
200652951434342,bilendi,success
200652940095547,bilendi,success
200562469611628,bilendi,success
199350968562813,bilendi,success
199590964967500,bilendi,success
200652943435792,bilendi,success
200652938881099,bilendi,success
200119656669230,bilendi,screen out
200040288586801,bilendi,screen out
200652943161461,bilendi,success
200652944145504,bilendi,success
200652942320669,bilendi,success
200652942873690,bilendi,success
200652943336457,bilendi,success
200652944274548,bilendi,success
200652941643864,bilendi,screen out
199350928222276,bilendi,success
200652942238737,bilendi,success
199441328522304,bilendi,success
200652941268017,bilendi,success
200652941460548,bilendi,success
199350984464482,bilendi,screen out
200119643583503,bilendi,success
200652939470970,bilendi,success
200562471223357,bilendi,success
200299671690287,bilendi,screen out
200652945809462,bilendi,success
200652939589635,bilendi,success
198999544359031,bilendi,screen out
199441307375640,bilendi,success
200652950093892,bilendi,success
200652951986219,bilendi,screen out
199441319847989,bilendi,success
200562470103119,bilendi,success
200652944344189,bilendi,success
200652942327838,bilendi,success
200652938457126,bilendi,success
200652938457125,bilendi,success
200652946112600,bilendi,screen out
200652942447661,bilendi,success
200652938832967,bilendi,success
200652940069943,bilendi,success
200652943900739,bilendi,success
199590970150973,bilendi,success
200652942139400,bilendi,success
200652940350557,bilendi,success
199590975339529,bilendi,screen out
200652944994381,bilendi,success
200652942111748,bilendi,success
200652942383142,bilendi,success
200652939958320,bilendi,screen out
200652951158857,bilendi,screen out
200652951065662,bilendi,screen out
200652939097178,bilendi,success
200119651594325,bilendi,success
200652950220884,bilendi,success
200652941336629,bilendi,screen out
200652952801347,bilendi,screen out
200652952739882,bilendi,success
200652949819424,bilendi,success
200652944087129,bilendi,success
200652950251607,bilendi,screen out
200652938567729,bilendi,success
199350935685199,bilendi,screen out
199350954951796,bilendi,success
200210455018570,bilendi,success
200652940339291,bilendi,success
200652951218258,bilendi,success
200119646875677,bilendi,success
200652945509385,bilendi,success
200652944484365,bilendi,success
200119666994207,bilendi,success
200040281954391,bilendi,screen out
200652940315736,bilendi,success
200652942735437,bilendi,success
200652938517549,bilendi,success
200562470315012,bilendi,screen out
200210452164616,bilendi,success
200299672280182,bilendi,success
200652944936004,bilendi,success
200040284753927,bilendi,success
200210452164616,bilendi,success
200040299920471,bilendi,success
198999551346690,bilendi,success
200652944056404,bilendi,screen out
200652941506635,bilendi,success
200652939279464,bilendi,success
199350949775445,bilendi,success
200652942880860,bilendi,screen out
200652943877184,bilendi,screen out
199350974142569,bilendi,screen out
199350974142569,bilendi,screen out
200040287132750,bilendi,success
200652946689045,bilendi,screen out
200652948990017,bilendi,success
199590969224316,bilendi,success
200652940826631,bilendi,success
200652943304707,bilendi,screen out
198999551355910,bilendi,success
200562468260955,bilendi,screen out
200652940329050,bilendi,screen out
200652945380478,bilendi,success
200040280671290,bilendi,success
200652941818986,bilendi,screen out
200652941424702,bilendi,success
200040272976972,bilendi,success
199441301211190,bilendi,success
200040287770690,bilendi,success
200652943787059,bilendi,screen out
200652940255313,bilendi,success
200652941408316,bilendi,screen out
200652952855634,bilendi,success
200652940421220,bilendi,success
200299665178726,bilendi,success
200652940254288,bilendi,success
197819574263899,bilendi,success
200652938754113,bilendi,success
200119649242112,bilendi,screen out
200299669513264,bilendi,success
200652942364706,bilendi,success
200652943034476,bilendi,success
199590967379009,bilendi,success
200652944863287,bilendi,success
200652940976154,bilendi,success
200652942475312,bilendi,screen out
200652943802422,bilendi,success
200652944302200,bilendi,success
200652951564407,bilendi,success
200652939364466,bilendi,success
200652938288157,bilendi,success
200652942365731,bilendi,screen out
200040281940053,bilendi,success
200119657516060,bilendi,screen out
200652940216393,bilendi,success
200652941244463,bilendi,screen out
200652944012370,bilendi,success
200652941100067,bilendi,success
199441297845283,bilendi,screen out
200119642838097,bilendi,success
200652945320054,bilendi,success
200652941017117,bilendi,success
200652944787501,bilendi,success
200652942365732,bilendi,screen out
200652945949765,bilendi,success
200652952504323,bilendi,success
200652945320054,bilendi,success
200652943821880,bilendi,success
200652943456275,bilendi,success
200040275336267,bilendi,success
200652938509356,bilendi,success
199590967415876,bilendi,screen out
200652943280129,bilendi,screen out
200652951769107,bilendi,success
200652941982839,bilendi,success
200652938499115,bilendi,success
198999548129328,bilendi,success
200652940176453,bilendi,success
200040272459795,bilendi,success
200652941191209,bilendi,screen out
200652950342761,bilendi,screen out
200652952287328,bilendi,success
200299665669246,bilendi,success
200562471253060,bilendi,success
200299675015213,bilendi,success
199441300154452,bilendi,success
200652951640064,bilendi,screen out
200652952555531,bilendi,success
200652942094338,bilendi,success
200040281643053,bilendi,success
200652940100668,bilendi,success
200210442037249,bilendi,screen out
200562468594728,bilendi,success
200119646791700,bilendi,success
200652943024235,bilendi,success
200040279871576,bilendi,success
199441307617333,bilendi,success
200652939958319,bilendi,success
200652939313259,bilendi,screen out
200652952844366,bilendi,success
200562482636924,bilendi,success
200562467899416,bilendi,screen out
199590978219102,bilendi,screen out
200040284753928,bilendi,success
200652942314524,bilendi,success
200562483017833,bilendi,success
200652938364960,bilendi,success
200652940309591,bilendi,screen out
200652940324953,bilendi,screen out
200652938842184,bilendi,success
200210443186295,bilendi,success
200210440999958,bilendi,screen out
200652940790787,bilendi,success
200652940609653,bilendi,success
199350940633157,bilendi,success
200562469575780,bilendi,success
200299667232885,bilendi,success
200040300601361,bilendi,success
200652945666083,bilendi,success
200652939260006,bilendi,success
200652940552303,bilendi,success
200652943229052,bilendi,success
198999544628264,bilendi,success
200562469250088,bilendi,screen out
200652945897535,bilendi,success
200210437248027,bilendi,success
200652941289522,bilendi,screen out
200210451792978,bilendi,success
200210443357193,bilendi,screen out
200119645489181,bilendi,success
200652940636281,bilendi,success
200562466740270,bilendi,success
200562470339595,bilendi,success
199441304553584,bilendi,screen out
200652950037560,bilendi,screen out
200562468179023,bilendi,screen out
200562468583461,bilendi,success
200652938656825,bilendi,screen out
200652938458151,bilendi,success
200562467767419,bilendi,screen out
198999547007076,bilendi,success
199590960777337,bilendi,success
200652940269653,bilendi,screen out
200652945049686,bilendi,success
200562467698800,bilendi,success
200299667381254,bilendi,success
200652941032479,bilendi,screen out
200652939765782,bilendi,success
200652951725071,bilendi,success
200299670282254,bilendi,screen out
200652952782911,bilendi,success
200040280168566,bilendi,success
200299670776910,bilendi,success
197758976984114,bilendi,success
200119647323219,bilendi,success
200652943291394,bilendi,screen out
200652938926158,bilendi,success
199590976297080,bilendi,screen out
200652939354224,bilendi,success
199590966323290,bilendi,screen out
199350948653061,bilendi,screen out
197758979589199,bilendi,success
200210440681586,bilendi,success
200040300091393,bilendi,success
199590963320906,bilendi,success
200210444705808,bilendi,screen out
200652940254286,bilendi,success
200562466872391,bilendi,success
200652949672983,bilendi,success
200040275010598,bilendi,screen out
199350985237528,bilendi,success
200040273634325,bilendi,screen out
199441315322958,bilendi,success
200040277711945,bilendi,screen out
200210447665259,bilendi,success
200562472659025,bilendi,success
200652948017220,bilendi,screen out
198999553473625,bilendi,screen out
199350938305548,bilendi,screen out
200119662179410,bilendi,success
198999546244165,bilendi,success
199590963034159,bilendi,success
200119643769887,bilendi,success
200562472469558,bilendi,success
200210441754723,bilendi,success
200652939740180,bilendi,screen out
197819570526214,bilendi,success
199590986346555,bilendi,success
200119643812897,bilendi,success
199590985777154,bilendi,success
200299679281218,bilendi,success
199590995226642,bilendi,success
199590968145947,bilendi,success
199590959571978,bilendi,success
200040292089878,bilendi,success
199441310543987,bilendi,success
200299671867462,bilendi,success
198999554557002,bilendi,success
199441323520105,bilendi,success
200210440857608,bilendi,success
200040272092277,bilendi,success
200040285780998,bilendi,success
200119647339605,bilendi,success
197819575873536,bilendi,screen out
200745035222132,bilendi,screen out
200745037327419,bilendi,screen out
200745034454111,bilendi,screen out
200745042390020,bilendi,screen out
200745033982985,bilendi,success
200745035639887,bilendi,screen out
200745032798240,bilendi,screen out
200745035920398,bilendi,success
200745034628223,bilendi,success
200745035911180,bilendi,success
200745033136216,bilendi,success
200745032861742,bilendi,success
200745035632717,bilendi,success
200745036918877,bilendi,success
200745036172355,bilendi,screen out
200299668915327,bilendi,success
200745037415502,bilendi,success
200745047981125,bilendi,success
200745034777620,bilendi,success
199350929181705,bilendi,success
200745038107762,bilendi,success
200745038718976,bilendi,screen out
200745032493150,bilendi,success
200745034769427,bilendi,success
200745038661746,bilendi,success
200562469679229,bilendi,success
200745052244992,bilendi,screen out
200745036899418,bilendi,success
200562467514440,bilendi,success
200652946067536,bilendi,screen out
200745034826783,bilendi,success
200745038232597,bilendi,success
200745033880690,bilendi,success
200745034488935,bilendi,success
200745033125974,bilendi,success
200745037128712,bilendi,success
200652939363441,bilendi,success
200745035065428,bilendi,success
200745036781633,bilendi,success
200040279896156,bilendi,success
200745043257449,bilendi,screen out
200745035960339,bilendi,success
200745037336637,bilendi,success
200119660162062,bilendi,success
200745033885812,bilendi,screen out
200745035718755,bilendi,success
200745036050471,bilendi,success
200745032835112,bilendi,screen out
200745046874196,bilendi,success
200745051888708,bilendi,success
200745037696017,bilendi,success
200299674884125,bilendi,screen out
200745033147483,bilendi,success
200745032893488,bilendi,success
199350931450922,bilendi,success
200210437366823,bilendi,screen out
200745034504299,bilendi,success
200745039631451,bilendi,success
200745052364826,bilendi,success
200745035768942,bilendi,success
200745032570990,bilendi,screen out
200210446860304,bilendi,success
199590959152237,bilendi,screen out
200745035572288,bilendi,success
200745037409355,bilendi,success
200745035469866,bilendi,success
200119655380052,bilendi,screen out
200745033559092,bilendi,success
200745032240172,bilendi,success
200745036512262,bilendi,success
200745036438647,bilendi,success
200745033013320,bilendi,success
199590959831074,bilendi,success
199441317483633,bilendi,success
200745051932749,bilendi,success
200745042852927,bilendi,screen out
200745036039204,bilendi,screen out
200745037852728,bilendi,success
200652940149826,bilendi,success
200652939879463,bilendi,screen out
199350948364399,bilendi,screen out
200040278605891,bilendi,success
200652940930068,bilendi,screen out
197819573561361,bilendi,screen out
199350952370221,bilendi,screen out
200210443062377,bilendi,screen out
200745032706062,bilendi,screen out
200745036523529,bilendi,screen out
200562469114893,bilendi,success
200745034972221,bilendi,screen out
200745037222941,bilendi,success
199590980210749,bilendi,success
200119645515807,bilendi,screen out
200745052246018,bilendi,success
200745047687202,bilendi,success
199350930711668,bilendi,screen out
200745047687202,bilendi,success
199350983387248,bilendi,success
200745037184021,bilendi,success
200299673834606,bilendi,success
200119643717658,bilendi,success
200745037167634,bilendi,success
200040294843430,bilendi,screen out
200652942410793,bilendi,screen out
200652943960138,bilendi,screen out
198999547629651,bilendi,screen out
197758976246795,bilendi,success
200119645002753,bilendi,success
200745038871587,bilendi,success
200745045115935,bilendi,success
199350970930265,bilendi,success
198999544442887,bilendi,success
200299672593451,bilendi,success
200299678302310,bilendi,screen out
200745037704211,bilendi,success
200745037541483,bilendi,success
200562470858869,bilendi,success
200210446401628,bilendi,success
200652944056403,bilendi,success
200652945571861,bilendi,screen out
200652945571861,bilendi,screen out
200745035461672,bilendi,success
200745032305722,bilendi,screen out
200745036968042,bilendi,screen out
200119654338658,bilendi,success
200119662735408,bilendi,success
200210448275512,bilendi,screen out
200745034729482,bilendi,screen out
200745050198084,bilendi,success
200562477821953,bilendi,success
200745037871165,bilendi,success
199350941465610,bilendi,success
200745037826098,bilendi,success
199441329024051,bilendi,success
200652939415669,bilendi,success
200745051810873,bilendi,success
200745050947634,bilendi,success
200745037350976,bilendi,success
200745035930641,bilendi,success
200040281029725,bilendi,success
200562481878108,bilendi,success
200745038360630,bilendi,screen out
200745039166573,bilendi,success
200745033004102,bilendi,screen out
198999542361100,bilendi,success
199590996059257,bilendi,screen out
200745032654849,bilendi,success
200745036825674,bilendi,success
200745033795681,bilendi,success
200745050316880,bilendi,success
200040291153019,bilendi,success
200562473275489,bilendi,success
200745037122566,bilendi,success
200745040647235,bilendi,success
200562478898236,bilendi,success
200652943406093,bilendi,screen out
200210438772789,bilendi,success
200745051804728,bilendi,success
200745034358869,bilendi,screen out
200745036834892,bilendi,success
200652941623381,bilendi,screen out
199441326915631,bilendi,success
200745033508906,bilendi,success
200745036595225,bilendi,success
200745037145100,bilendi,success
200119644732522,bilendi,success
200210440538209,bilendi,success
200745035427873,bilendi,success
200745040359434,bilendi,success
200745037042806,bilendi,success
200745033537583,bilendi,success
200745052226681,bilendi,screen out
200652938682426,bilendi,success
200745038178310,bilendi,success
200745032546409,bilendi,screen out
200745039272974,bilendi,screen out
200745034858536,bilendi,success
200745033442337,bilendi,success
200745033066576,bilendi,screen out
200745038945332,bilendi,success
199350938325006,bilendi,screen out
200745033725009,bilendi,success
198999546117169,bilendi,screen out
200745034811419,bilendi,success
200745039041610,bilendi,success
200745035545657,bilendi,screen out
200745033233517,bilendi,success
199441305875568,bilendi,screen out
199441301240889,bilendi,success
200745037552749,bilendi,success
200562474532980,bilendi,screen out
200299666954329,bilendi,success
199441324012590,bilendi,screen out
200040281788478,bilendi,success
200745050868774,bilendi,success
200745038345266,bilendi,screen out
200745033657413,bilendi,screen out
200745035798645,bilendi,success
199590993965086,bilendi,success
200040286538872,bilendi,success
200745035418654,bilendi,success
200652942213133,bilendi,success
200119647046705,bilendi,success
200745034348627,bilendi,success
200040273622036,bilendi,success
199590992694329,bilendi,success
200562475184129,bilendi,success
199350931104787,bilendi,success
197819576307756,bilendi,success
200745034155047,bilendi,success
200745033768027,bilendi,success
200745036880983,bilendi,screen out
200745035263101,bilendi,screen out
200745040148573,bilendi,success
199441310959657,bilendi,screen out
200745045542995,bilendi,screen out
200745034569845,bilendi,success
200119648655413,bilendi,success
200119654179923,bilendi,success
200652940571762,bilendi,screen out
199350940374053,bilendi,success
200210441665627,bilendi,success
200745032607862,bilendi,success
200745038385209,bilendi,success
200745034415196,bilendi,screen out
200652939716625,bilendi,screen out
200119664923764,bilendi,success
199590991616058,bilendi,success
199590978749471,bilendi,success
200562471012367,bilendi,success
200299673650263,bilendi,success
200745049745424,bilendi,screen out
200745051730986,bilendi,success
200040273232999,bilendi,success
200299669543988,bilendi,success
199441313418309,bilendi,success
200562467006567,bilendi,screen out
199590969394183,bilendi,success
200562471188535,bilendi,success
200119644186684,bilendi,success
200745032962110,bilendi,success
200119646278759,bilendi,screen out
200745032962110,bilendi,success
200745037323320,bilendi,success
200040292812920,bilendi,success
199350979642455,bilendi,screen out
200745048714267,bilendi,success
200745037895746,bilendi,success
199441329120330,bilendi,success
200210442758220,bilendi,screen out
200745037173779,bilendi,success
200745037736991,bilendi,success
200210443501589,bilendi,screen out
200745037467737,bilendi,success
200562476876886,bilendi,success
200119667094589,bilendi,success
200745033322503,bilendi,success
200652942231567,bilendi,success
200210439012431,bilendi,screen out
200832530502701,bilendi,screen out
200832522684475,bilendi,screen out
200652941560910,bilendi,success
200832528578640,bilendi,screen out
200832528413754,bilendi,success
198999547601999,bilendi,success
200832524258305,bilendi,success
200832522927183,bilendi,success
200832523922515,bilendi,success
200832535987309,bilendi,success
200832524736570,bilendi,success
200832523169891,bilendi,success
200832523058265,bilendi,success
200832520953892,bilendi,screen out
200832523964504,bilendi,success
200832523539483,bilendi,success
200832522285082,bilendi,screen out
200832521331775,bilendi,screen out
200832520859677,bilendi,success
200832527260707,bilendi,success
200832522474538,bilendi,success
200832528671832,bilendi,success
200832524638249,bilendi,success
200832523724856,bilendi,success
200832524007519,bilendi,success
200832525852708,bilendi,success
200652938780739,bilendi,screen out
200832523315325,bilendi,success
200832521459787,bilendi,screen out
200832525124709,bilendi,screen out
200210444254306,bilendi,success
200832521922675,bilendi,success
200832527649889,bilendi,success
200832521994364,bilendi,success
200832522434600,bilendi,success
200832523844678,bilendi,success
200832524677169,bilendi,success
200832527800430,bilendi,success
200832524032104,bilendi,success
200832521612371,bilendi,screen out
200832524794944,bilendi,success
200832522307612,bilendi,success
200832520809496,bilendi,success
200210449773676,bilendi,success
200832521262140,bilendi,success
200832522362914,bilendi,success
200832526806137,bilendi,screen out
200832520672270,bilendi,success
200832524711991,bilendi,success
200119664628801,bilendi,success
200562472804469,bilendi,success
200832520673295,bilendi,success
200832535836744,bilendi,success
200832527563855,bilendi,success
200832527425593,bilendi,success
200832532113486,bilendi,success
199441321114738,bilendi,success
200832530961487,bilendi,success
200832521060399,bilendi,success
200040299249700,bilendi,screen out
200832525038684,bilendi,success
200832522186767,bilendi,screen out
200832525166701,bilendi,screen out
200832522635316,bilendi,success
200119647517793,bilendi,screen out
200832525150314,bilendi,screen out
200832528626774,bilendi,screen out
200832524387345,bilendi,screen out
200832524290052,bilendi,success
200832523942998,bilendi,success
200832525515782,bilendi,success
200832528056334,bilendi,success
200832535052388,bilendi,success
200832526013488,bilendi,screen out
200832535952479,bilendi,screen out
200832532691064,bilendi,success
200832527153182,bilendi,success
200652944182376,bilendi,success
200832524491800,bilendi,success
200832525117540,bilendi,success
200299671042157,bilendi,success
200832524780607,bilendi,success
200745037277225,bilendi,success
200745033644098,bilendi,success
198999545165826,bilendi,screen out
200210444063819,bilendi,success
200745033046092,bilendi,screen out
200652941743200,bilendi,screen out
200562471145518,bilendi,success
200832521690200,bilendi,success
200832520497275,bilendi,success
200745040934914,bilendi,success
200832534384655,bilendi,success
200832523334658,bilendi,success
200832532574322,bilendi,success
199350943953993,bilendi,success
200745039513668,bilendi,screen out
200832521287741,bilendi,success
200652950653960,bilendi,success
197819570091111,bilendi,success
200562467640413,bilendi,success
200832521437256,bilendi,success
200040277266460,bilendi,success
200562472299538,bilendi,screen out
200040300239918,bilendi,success
200745035280385,bilendi,success
200652945827896,bilendi,success
200652938997842,bilendi,success
200119651644507,bilendi,success
200832521090100,bilendi,success
200119650683920,bilendi,success
200299665381486,bilendi,success
200832524479511,bilendi,screen out
200832525238390,bilendi,success
199590995972201,bilendi,screen out
200832529836130,bilendi,success
200832523266161,bilendi,success
200832527440957,bilendi,screen out
200119657366651,bilendi,success
198999549882451,bilendi,success
200652943175799,bilendi,success
200832521342017,bilendi,success
200299666388022,bilendi,screen out
200832520741908,bilendi,success
200832521869421,bilendi,success
200832521999486,bilendi,success
200832523489300,bilendi,success
200119641748509,bilendi,screen out
200832522131464,bilendi,success
200832527205410,bilendi,screen out
200832525745174,bilendi,success
200745037474908,bilendi,success
200832524018787,bilendi,success
200832533030921,bilendi,success
200745049587712,bilendi,success
200210441680989,bilendi,success
200562468000811,bilendi,success
200745033270392,bilendi,success
198999554685966,bilendi,screen out
200832522767428,bilendi,screen out
200832528835689,bilendi,success
200210441372732,bilendi,success
200832525463556,bilendi,screen out
200832526161985,bilendi,success
200745034478692,bilendi,success
200832535993454,bilendi,success
200832521049132,bilendi,success
200832533630036,bilendi,screen out
200832525575178,bilendi,success
200745037230111,bilendi,screen out
200832527939586,bilendi,success
200562468689975,bilendi,screen out
200832525101152,bilendi,success
199590959774747,bilendi,success
200832520520831,bilendi,screen out
200832525938730,bilendi,success
199441313543247,bilendi,success
200832524243968,bilendi,success
200832520858651,bilendi,success
200832524576801,bilendi,screen out
200832523315322,bilendi,success
200832529406004,bilendi,screen out
199441307569201,bilendi,screen out
200652948742166,bilendi,success
200832521712730,bilendi,success
200832534446106,bilendi,screen out
200832522157066,bilendi,success
200119665376311,bilendi,success
200832524049517,bilendi,screen out
200832529130510,bilendi,success
200832525214833,bilendi,screen out
200745037029489,bilendi,success
200652946061391,bilendi,success
200562474820668,bilendi,success
200832528508995,bilendi,success
200652948018245,bilendi,success
198999545550923,bilendi,success
200832522350625,bilendi,success
200832523390984,bilendi,success
200832524088435,bilendi,success
200210443667493,bilendi,success
200745039754357,bilendi,screen out
200040272134264,bilendi,success
200210449530960,bilendi,success
200745036258390,bilendi,success
199441314552911,bilendi,success
200832523890766,bilendi,success
200040279789643,bilendi,success
200832526291020,bilendi,success
197758977065029,bilendi,screen out
200119645785142,bilendi,screen out
200745032284213,bilendi,success
200745034084378,bilendi,screen out
200832525638668,bilendi,success
200652944859189,bilendi,screen out
200652938585138,bilendi,success
199350930794619,bilendi,screen out
200299673343019,bilendi,success
200040284170299,bilendi,success
199590967883898,bilendi,screen out
200832522120199,bilendi,success
200210438244473,bilendi,success
200832521866347,bilendi,screen out
200832522050564,bilendi,success
200832536000625,bilendi,success
200652952797250,bilendi,success
199441304828934,bilendi,success
200832523493397,bilendi,success
200832524867657,bilendi,success
200832535960676,bilendi,success
200832523559967,bilendi,screen out
200832528240681,bilendi,success
200040281806916,bilendi,success
200832521438281,bilendi,success
200832521342018,bilendi,success
200210442915932,bilendi,screen out
200832520980517,bilendi,success
200832520602634,bilendi,success
199350952466484,bilendi,success
200299667300479,bilendi,screen out
199350939617382,bilendi,success
200832524591139,bilendi,success
200832524591139,bilendi,success
200832521642069,bilendi,screen out
200832524277763,bilendi,success
200652942853207,bilendi,success
200832520442997,bilendi,success
200832523760700,bilendi,success
200832534071407,bilendi,success
199590973507650,bilendi,success
199590975822923,bilendi,success
199441316384855,bilendi,screen out
200210446413918,bilendi,success
200832522779717,bilendi,screen out
200832521133111,bilendi,success
200832533532747,bilendi,success
199441328510009,bilendi,screen out
200832520648715,bilendi,screen out
200832521366595,bilendi,success
200832536001652,bilendi,success
199441327754263,bilendi,success
200299676753926,bilendi,success
197819576733789,bilendi,success
200119641772064,bilendi,success
200832528814179,bilendi,success
200832521206841,bilendi,success
199350930952201,bilendi,success
199590961364013,bilendi,screen out
200832523596836,bilendi,success
200832525736981,bilendi,screen out
198999553554438,bilendi,success
200832525538311,bilendi,success
198999544075347,bilendi,success
200832524857416,bilendi,success
200652939293801,bilendi,screen out
200745037035636,bilendi,success
198999543572488,bilendi,success
200652942010490,bilendi,success
199590979906583,bilendi,success
200832526934021,bilendi,screen out
200299676520551,bilendi,success
200210443062376,bilendi,success
200119645141003,bilendi,success
200040278485037,bilendi,success
200562467497029,bilendi,success
200927545710603,bilendi,success
200927546590320,bilendi,success
200119645284370,bilendi,success
200927544813598,bilendi,screen out
200927543553048,bilendi,screen out
200927547201591,bilendi,success
200927546865672,bilendi,success
197819581659225,bilendi,screen out
200927547978768,bilendi,success
200927543615515,bilendi,success
200927547160625,bilendi,success
200927545400425,bilendi,screen out
200927543695397,bilendi,success
200927545092160,bilendi,success
200927547897863,bilendi,success
200927551684683,bilendi,success
200927550368794,bilendi,success
200927548140578,bilendi,success
200927547072547,bilendi,success
200745033034827,bilendi,success
200927548920945,bilendi,success
200927547785340,bilendi,success
200927546797058,bilendi,success
200927548791901,bilendi,success
200927546839046,bilendi,success
200927557114922,bilendi,success
200832522076165,bilendi,success
200927555611715,bilendi,success
200927551640643,bilendi,success
200927549193235,bilendi,success
200652941179943,bilendi,success
200927551426598,bilendi,success
200927546487906,bilendi,success
200927545518198,bilendi,success
200927546072111,bilendi,screen out
200927550032999,bilendi,success
200927544960047,bilendi,success
200119666966549,bilendi,success
200927548161060,bilendi,success
200832526196805,bilendi,success
200927553619025,bilendi,screen out
200927551881322,bilendi,success
200927545636867,bilendi,success
200745035733095,bilendi,success
200927549530170,bilendi,success
200927552957563,bilendi,success
200927545929760,bilendi,success
200927543695396,bilendi,success
198999551622218,bilendi,success
200119667141704,bilendi,success
200927551817829,bilendi,success
200927548791902,bilendi,screen out
200119646883870,bilendi,screen out
200299667273850,bilendi,success
200927548660817,bilendi,success
200927554971762,bilendi,screen out
200927544926251,bilendi,screen out
200927546432604,bilendi,success
200927553711194,bilendi,success
200927556232193,bilendi,success
200927545969700,bilendi,success
200562474217519,bilendi,success
200927553711194,bilendi,screen out
200927546094643,bilendi,success
200927546312778,bilendi,success
200927548882026,bilendi,success
200832534712374,bilendi,success
200927546481761,bilendi,success
200927546852359,bilendi,screen out
200927544057925,bilendi,success
200927551537204,bilendi,success
200832521853034,bilendi,screen out
200927546286149,bilendi,success
200927547065378,bilendi,success
200040295939131,bilendi,screen out
200927544021058,bilendi,success
199441308593176,bilendi,success
200927547664491,bilendi,success
200927546302537,bilendi,success
200927545351268,bilendi,success
200562473488404,bilendi,screen out
200927545555065,bilendi,success
200562473488404,bilendi,screen out
200562474217518,bilendi,screen out
200927546214462,bilendi,success
200040274504803,bilendi,screen out
200927544517749,bilendi,success
200927548882028,bilendi,success
200927544021058,bilendi,success
200927547418702,bilendi,success
200927547081764,bilendi,success
200832527736939,bilendi,screen out
200210454901827,bilendi,success
200927544672264,bilendi,screen out
200832522314782,bilendi,success
199590962437124,bilendi,success
200652938378274,bilendi,success
200299669757011,bilendi,screen out
200210442731594,bilendi,success
200832524366862,bilendi,success
200927548127265,bilendi,success
200562480282665,bilendi,success
200927545451629,bilendi,screen out
200927543685153,bilendi,success
200927545978917,bilendi,success
200927545774098,bilendi,success
200927551382556,bilendi,success
200927548198952,bilendi,success
200210437963873,bilendi,success
200562472389670,bilendi,success
200119651598422,bilendi,success
200927543606298,bilendi,success
199590959837219,bilendi,success
200832526306382,bilendi,success
200652950525049,bilendi,success
200927557098531,bilendi,success
200832531605517,bilendi,success
200927547762804,bilendi,success
200927547298885,bilendi,success
200119660254239,bilendi,success
200210443466769,bilendi,success
200927547762807,bilendi,screen out
200745035250810,bilendi,success
200927556160636,bilendi,screen out
200927548670034,bilendi,success
200927550669894,bilendi,success
200832523681844,bilendi,success
200927545322590,bilendi,success
200210438624289,bilendi,success
200927550238731,bilendi,success
200927543730218,bilendi,success
200927544564860,bilendi,success
200927545342050,bilendi,success
200927545856026,bilendi,success
200927546316875,bilendi,success
200210453948501,bilendi,screen out
200210447962135,bilendi,success
200927544902697,bilendi,screen out
200040300328007,bilendi,success
200210445527161,bilendi,success
200927547127850,bilendi,success
200832521309246,bilendi,success
199590975589416,bilendi,success
200927544495219,bilendi,screen out
200927552907383,bilendi,success
200832534105206,bilendi,success
200927550810197,bilendi,success
200562475242506,bilendi,success
200832527548489,bilendi,success
200562470118483,bilendi,success
198999547921408,bilendi,success
199590971867201,bilendi,success
200119643883558,bilendi,screen out
200832520356978,bilendi,success
200927545705482,bilendi,screen out
200927545159754,bilendi,success
200562466768946,bilendi,success
200299667009630,bilendi,success
200745033669703,bilendi,success
200927547552867,bilendi,screen out
199441315207233,bilendi,screen out
200832527089684,bilendi,success
197819575865471,bilendi,success
200040275114030,bilendi,screen out
200210444834850,bilendi,success
200927544639495,bilendi,success
